feature_set	model	n_features	n_proteins	n_positive	roc_auc_mean	roc_auc_sd	pr_auc_mean	pr_auc_sd
MIFS_top4	LogisticRegression	4	996	74	0.6625629511499077	0.032265589772726276	0.1472026431867987	0.023428083256356647
MIFS_plus_AlphaFold	LogisticRegression	17	996	74	0.622969839404622	0.044496294412465755	0.13020942698814839	0.0214670784781689
MIFS_plus_AlphaFold	XGBoost	17	996	74	0.6020640143248839	0.061273178919126044	0.14933711569016545	0.028854873376552636
MIFS_plus_AlphaFold	RandomForest	17	996	74	0.5848787700744223	0.05486942695535314	0.12978477553938375	0.021908684359027177
AlphaFold_basic	LogisticRegression	13	996	74	0.5791801242236025	0.058935481837199745	0.11445646178396793	0.02429758632122834
MIFS_top4	XGBoost	4	996	74	0.573073191203626	0.011102947422472819	0.1076776309462432	0.012694167492864871
AlphaFold_basic	XGBoost	13	996	74	0.5432442504616418	0.07838113168658743	0.13172941624033113	0.031687476222002665
AlphaFold_basic	RandomForest	13	996	74	0.5221602876168093	0.07902499931826462	0.11463284538816834	0.024444200295659038
MIFS_top4	RandomForest	4	996	74	0.46357596105422194	0.07712823767647399	0.08173472056556044	0.02018156064924496
