model	split_seed	n	n_positive	roc_auc	pr_auc
esm2_35m_rf	42	997	74	0.6432827735644637	0.10755589616279213
foldwise_compact4_lr	42	997	74	0.6278659482884834	0.11496054580161882
alphafold13_lr	42	996	74	0.5907838424107404	0.10129539538255167
