model	metric	observed	null_mean	null_sd	null_q025	null_q975	n_permutations	n_null_at_or_above_observed	empirical_p
esm2_35m_rf	roc_auc	0.6432827735644637	0.4924644959152002	0.04650551058850159	0.4086983177652192	0.5803808819653891	200	0	0.004975124378109453
esm2_35m_rf	pr_auc	0.10755589616279213	0.07933286855038563	0.014407022389934878	0.06021964440203024	0.11546435818266516	200	12	0.06467661691542288
foldwise_compact4_lr	roc_auc	0.6278659482884834	0.4992494363269011	0.042997048229202646	0.4176475432637405	0.5770910807882639	200	0	0.004975124378109453
foldwise_compact4_lr	pr_auc	0.11496054580161882	0.08064655920080047	0.012198649942015811	0.06321299190416595	0.10734326649344436	200	3	0.01990049751243781
alphafold13_lr	roc_auc	0.5907838424107404	0.4990611625725508	0.04837468061609562	0.40226849680483084	0.5861072433604972	200	4	0.024875621890547265
alphafold13_lr	pr_auc	0.10129539538255167	0.0796984935384804	0.012991063547480215	0.0615759575483008	0.11162483614166023	200	14	0.07462686567164178
