label	feature_set	model	n_features	roc	roc_sd	pr	pr_sd	panel
"MIFS
4 descriptors"	MIFS_top4	LogisticRegression	4	0.6625629511499077	0.0322655897727262	0.1472026431867987	0.0234280832563566	B
"AlphaFold
global"	AlphaFold_basic	LogisticRegression	13	0.5791801242236025	0.0589354818371997	0.1144564617839679	0.0242975863212283	B
"MIFS +
AlphaFold"	MIFS_plus_AlphaFold	LogisticRegression	17	0.622969839404622	0.0444962944124657	0.1302094269881483	0.0214670784781689	B
