analysis_level	feature_set	model	n_features	roc_auc_mean	roc_auc_sd	pr_auc_mean	pr_auc_sd
protein	esm2_full_protein	RandomForest	480	0.6477064797716972	0.056145392565285134	0.12693991359624107	0.028844340697800768
protein	traditional_plus_esm2_full	RandomForest	496	0.6296433047954787	0.04768442559645636	0.12049075636406739	0.021683156476769255
protein	traditional_safe	LogisticRegression	16	0.6282250573554922	0.04270944171450353	0.16661180842015857	0.061180465545679893
protein	esm2_full_protein	LogisticRegression	480	0.5833841419058811	0.04930662543884118	0.11973864633232453	0.03620442261158538
protein	traditional_plus_esm2_full	LogisticRegression	496	0.5543186727099771	0.053200761145510936	0.10652249804843769	0.03308360948592363
protein	traditional_safe	RandomForest	16	0.5259648592692071	0.05289936042778865	0.09130196631793829	0.016965793178903
