analysis_level	feature_set	model	n_features	roc_auc_mean	roc_auc_sd	pr_auc_mean	pr_auc_sd
protein	traditional_safe	LogisticRegression	16	0.6282250573554922	0.04270944171450353	0.16661180842015857	0.061180465545679893
protein	traditional_plus_esm2_650M	RandomForest	1296	0.6162077387946953	0.056784187284393044	0.11324593144354114	0.024835597365648606
protein	esm2_650M_full_protein	RandomForest	1280	0.611788903810643	0.05713488285278725	0.1122007396964447	0.0192407236033961
protein	traditional_safe	RandomForest	16	0.5259648592692071	0.05289936042778865	0.09130196631793829	0.016965793178903
protein	esm2_650M_full_protein	LogisticRegression	1280	0.5228643612556656	0.08362929765675703	0.09473092801996381	0.022496439803668677
protein	traditional_plus_esm2_650M	LogisticRegression	1296	0.5170515360080576	0.08166959195477218	0.0957987678879253	0.024912445260851953
