analysis_level	feature_set	model	n_features	roc_auc_mean	roc_auc_sd	pr_auc_mean	pr_auc_sd
protein	protein_feature_matrix_v2_enriched	RandomForest	46	0.5978997258127692	0.06274901282922667	0.1272270587538233	0.024263098173831352
protein	protein_feature_matrix_v2_enriched	LogisticRegression	46	0.5838231212579039	0.0474865663371852	0.11409416113881239	0.027726809883493755
