model	roc_auc_mean	roc_auc_sd	pr_auc_mean	pr_auc_sd
LogisticRegression_MIFS	0.671584242627721	0.03782754737143645	0.1504223774281943	0.022615362340443958
XGBoost_MIFS_for_SHAP	0.5565213754126798	0.021664035262559944	0.1069763401748404	0.010294435173135125
